<?xml version="1.0" encoding="UTF-8"?>
<project-private xmlns="http://www.netbeans.org/ns/project-private/1">
    <editor-bookmarks xmlns="http://www.netbeans.org/ns/editor-bookmarks/2" lastBookmarkId="0"/>
    <open-files xmlns="http://www.netbeans.org/ns/projectui-open-files/2">
        <group>
            <file>file:/C:/Users/kamal/Documents/NetBeansProjects/Employee_Management_System/src/employee_management_system/View_Employee.java</file>
            <file>file:/C:/Users/kamal/Documents/NetBeansProjects/Employee_Management_System/src/employee_management_system/Home.java</file>
            <file>file:/C:/Users/kamal/Documents/NetBeansProjects/Employee_Management_System/src/employee_management_system/Conn.java</file>
            <file>file:/C:/Users/kamal/Documents/NetBeansProjects/Employee_Management_System/src/employee_management_system/Splash.java</file>
        </group>
    </open-files>
</project-private>
